아이폰 13 256GB [자급제],"989,000원",https://cr.shopping.naver.com/adcr.nhn?x=MGbAsp8jGS6kwZjcGyfkVP%2F%2F%2Fw%3D%3Ds1Ui0XVAOWui1qq0CxJsthw1jA3w6Gfi0ALjFClBNF71WQE1WikGGRjsm7ORTamZ7or2CLCYSehK7uy2AFTh61RfPYghtybUK%2Bj9aPYwKaumKAdxyywH8JEYeRd4x0f1t%2FoT2qlBE02y%2BO6bX0ru9TEPg%2F6PYJW9LpCSumzPJoiiI9aZyW4hhCgmcrsQhWGWG%2FjBmTqA4xW4sMIcltjwt3PKAXVfyDB1yTbVYYpYzcFnUHxlEatbmVq7jmztE%2Fyws6PDuozZshRRUh96LR7B4vlgNNbT9vldOyV%2FnOqPTLlTBz7%2BORHa%2BX777%2F5U82WuF3gpuxtdKwUn3fhnre8%2FBA9xjVUEDfYXqVHK8DmywPg%2F1QQzCLreNp8sjPDBjStixlfxinuJIcXbelONAuMrnG7Yf%2BbLIOSDCVS9MgZI%2BYDNFiBdPxTSuvYOb67FAYBAGCXV2B8r6mc9GdpPVxGCf8Ue%2Beig2o%2Btg3G0msNFep4byNHyBUXwWVD2ki0TxnNzybhH9wEAloUwKKpNfU%2FlKrA8V5l5zO7EsXSyNb%2BJNcpARpOFzCbaM6OU97uoPifjrCbg%2FnqLzFstNXdOXy9SchOdoHPdFCc0msQEOa6WXFqfHICEQpPL7Rm%2B2fyhjEhHR&nvMid=29029192591&catId=50001519
아이폰 13 미니 128GB [자급제],"865,260원",https://cr.shopping.naver.com/adcr.nhn?x=sIl0aPdJ%2B%2FnS4hGuWIo8wv%2F%2F%2Fw%3D%3DsMIfhV1iQtwp36EeSOo%2FB3deRER6N3X5wiRptIyGSyb1hJz9H0Ub4KLvuVTVtNMxMOreQUgaiX6KifH3E2lyJQpQLWEitCyYgDwywlNQmwMJ0Bu4LfHSfR4vzdP0t48Fd%2FrKM3JzUWtUFf4cYT6R52Mi30QtKP1mA7BYZPpxeJLexWvZfe2todmJfmpbNrXnq2drsUEzev9hA0cDt%2BuxFM7ix7jXt7MNVc9AIu4EfDZlNEwRr%2B3STfYHGn%2FB5b3e4qHeiirRJBVYFjUfgeoJ%2BhcMYUc6u%2FPTz2n2liCllZFRr6kdrp7BvT8OlwZ7P37YyZp%2FuhVWf5tMOyu5R2EADuwcVqYzpud4HDIbWN4jjp2%2FUQvs8GHq%2Bj7OvUNvyviyxS6nKoqtur6iGShqz9U6FbvUQcCC5f%2Bb7s2cdgPAXB0cEdLuJh13gFOuABI1Cabywr1zQ3TaGfkdsxOv%2Bp53WSm%2BxLbYFZPvhaF%2Blk8YdfMPPU6pntGCurhu%2FV8uonTYh5X6MB3JdbnBohOi8QY2msvzzsLpUPNx4OeqLcm4gB61CpS6qq2aQFzAJNWwVZjOwfv4pYkwV6e5PPw6oe0n9AMYMSTtBCp5DawBcf22WV72oRiLugS3KJWnexDEytWkYgqgOvq6z5EpEI5N2xav1Mg%3D%3D&nvMid=29030650586&catId=50001519
아이폰 13 미니 256GB [자급제],"922,570원",https://cr.shopping.naver.com/adcr.nhn?x=Jy7plkkez52gSKDC2ts3J%2F%2F%2F%2Fw%3D%3Dsz%2FIcLmrFM%2F3kI39I0SwkZMVf51U2qX53l%2F%2Bq644Q%2Fn1hJz9H0Ub4KLvuVTVtNMxMWugX1rH%2FIVZdQ%2FrwDxYMl5QLWEitCyYgDwywlNQmwMJ0Bu4LfHSfR4vzdP0t48Fd%2FrKM3JzUWtUFf4cYT6R52Mi30QtKP1mA7BYZPpxeJLexWvZfe2todmJfmpbNrXnq057%2FmlbCMWUqQYtn8CmoI7ix7jXt7MNVc9AIu4EfDZlNEwRr%2B3STfYHGn%2FB5b3e4qHeiirRJBVYFjUfgeoJ%2BhcMYUc6u%2FPTz2n2liCllZFRr6kdrp7BvT8OlwZ7P37YyZp%2FuhVWf5tMOyu5R2EADu5IxSy2VRelqz%2FyUVqQnAKPUQvs8GHq%2Bj7OvUNvyviyxS6nKoqtur6iGShqz9U6FbqmQYK9bV69tGFFws7NAPZUEdLuJh13gFOuABI1Cabywr1zQ3TaGfkdsxOv%2Bp53WSncsz9SaQCgs7V%2F%2B%2F15Qw2jPU6pntGCurhu%2FV8uonTYh5X6MB3JdbnBohOi8QY2msqd%2BmZKjQy8QHtwNEIgUU1KnAbKVZgNv1MDDcowWCyjXyD9SHVzxR71Wjlvmga%2FOr%2F65vAlKsEjKQIhblJtWs%2BWoRiLugS3KJWnexDEytWkYgqgOvq6z5EpEI5N2xav1Mg%3D%3D&nvMid=29030437590&catId=50001519
아이폰 13 128GB [자급제],"950,000원",https://cr.shopping.naver.com/adcr.nhn?x=Ev60Uo%2FFDien%2FCu0Aw%2F4t%2F%2F%2F%2Fw%3D%3DsfFWor37C9n6taosY1Kd9ApDz1snn0JBRso%2FhkSrC2fdhJz9H0Ub4KLvuVTVtNMxMB%2BOJbP0OldpzRCW4ojTFwJQLWEitCyYgDwywlNQmwMJ0Bu4LfHSfR4vzdP0t48Fd%2FrKM3JzUWtUFf4cYT6R52Mi30QtKP1mA7BYZPpxeJLexWvZfe2todmJfmpbNrXnqNGdmVqT0qJ11casXr%2FJUjrix7jXt7MNVc9AIu4EfDZlNEwRr%2B3STfYHGn%2FB5b3e4qHeiirRJBVYFjUfgeoJ%2BhcMYUc6u%2FPTz2n2liCllZFRr6kdrp7BvT8OlwZ7P37YyZp%2FuhVWf5tMOyu5R2EADuzxxG2HatmbWH8toRoPlQQfUQvs8GHq%2Bj7OvUNvyviyxS6nKoqtur6iGShqz9U6Fbs6CAEPV1alWUD288iJVACEEdLuJh13gFOuABI1Cabywr1zQ3TaGfkdsxOv%2Bp53WSkG1YDduCsIlNU81UtgkO9rL%2FnGINkSYp%2Bd2xAAY7UDn9sUV4tX0WORy6hKVx6klzZ0lVIdnsY6WLp1%2B%2BXe2xV4NauEcRynSn%2F8orOK7nc90Ueey0OQOUZICLMVdmchgcV7PzAjOJzm95wVzCmtHlkFWhZ3SMHTcLlpircdRzUgq1JIslBmdxaTx7xO1%2BPPoWw%3D%3D&nvMid=29030374587&catId=50001519
아이폰 13 미니 512GB [자급제],"1,360,000원",https://cr.shopping.naver.com/adcr.nhn?x=zr4D5UXcrWYtVom9U4EK1f%2F%2F%2Fw%3D%3Ds4EWlB7gFbAJNmMtGS5%2BHNKmkJ6NfCTcu4%2FvMklG6NjphJz9H0Ub4KLvuVTVtNMxMuCw%2BDh19wcY3Kkmz8scgtZQLWEitCyYgDwywlNQmwMJ0Bu4LfHSfR4vzdP0t48Fd%2FrKM3JzUWtUFf4cYT6R52Mi30QtKP1mA7BYZPpxeJLexWvZfe2todmJfmpbNrXnqsbuGkiliGuKFQrhO3KCkYbix7jXt7MNVc9AIu4EfDZlNEwRr%2B3STfYHGn%2FB5b3e4qHeiirRJBVYFjUfgeoJ%2BhcMYUc6u%2FPTz2n2liCllZFRr6kdrp7BvT8OlwZ7P37YyZp%2FuhVWf5tMOyu5R2EADuyrdIkvrLGhBBK75sZV6If%2FUQvs8GHq%2Bj7OvUNvyviyxS6nKoqtur6iGShqz9U6FbgoPcrS0J7s4UHpLvPNkiegEdLuJh13gFOuABI1Cabywr1zQ3TaGfkdsxOv%2Bp53WSkCBhDVasZAj2bxx%2FJ5c4dDPU6pntGCurhu%2FV8uonTYh5X6MB3JdbnBohOi8QY2msrsfc3KFMyopKaW7U5tA9MY81Gi44tUFH1uRUKbnASPQASIbJJHJxstflUn134TkkFFCC2zs3t%2FTxoRApd0zc%2FzGpB8SPP7RIqVN%2FYl2ttzdDhLBwu%2FFQS5xWYf5w6G3jQ%3D%3D&nvMid=29030296587&catId=50001519
아이폰 13 프로 128GB [자급제],"1,649,990원",https://cr.shopping.naver.com/adcr.nhn?x=MjSWR2uRgaL3jCkMydQ5gf%2F%2F%2Fw%3D%3DsjrzbqP2m8dKNbN24f3WKJfN6fWCsyvyUANuNMxJcPHsbsBKbbjTB%2BBCjsLv6tz%2BjdBhkuNRy3jJFv4iLmZeFJTuMtyMD7CBjMmZdMLuLMqI1AmlK7GK8fggNEPfzTSWA3qXxjj%2Bq5BdS3FUsd8XIM0gAn8lD2%2BxrgblrBqYwPdWug%2B9sjA7rHdeMLkY%2BwIMU07oJ3o0uS6qCsqzVDCUSCzQZD6UDT51Dg8nNb9lI8fV%2BFLPJmN7kd5F0maTGsL0caSg5slZkefA%2B1Fh40yRRrQQjrhkd%2BfeGtq6lXLQwh20%2Fa18qhDQ1A%2FKJp3fgBDor391W%2FC1w5SVs2sYtTdFSelgdCvdq23eF0%2FOakkRb9hkVjQCpIk5kx4sJW2hrRfnKYYyQomAOCRwvaXv4BU13vxZCMZEaRWmpjeUjAQujE%2FSZzZyDfGo1SQoYRvXGDzWdJDnYvpfz%2Bh%2BZ6wVz3KJUXov5TurvHzcmsFW4yXHzYi0PVL%2B%2Frl5PLPXtI0kaP8PkmKdeEMdUbtmzDI4Aa7HQcdSxxJWA%2FjS3fXgbeCkvJ%2FIR7O%2FL8PVD0Ios9%2Fokqc7fjr%2Fvhuz%2FM2bOeEg7k3nONV%2Fww6wK%2FSDE%2F7fCFf6AaYdGsFRLfpo4S%2FO6zEVIgNubaGimR4pR27mrh1IoDTOSgA%3D%3D&nvMid=29030420587&catId=50001519
아이폰 13 프로 맥스 256GB [자급제],"1,889,990원",https://cr.shopping.naver.com/adcr.nhn?x=ajtyKGQycHeUgvyXAQVPZf%2F%2F%2Fw%3D%3DsfTMhDGtcx7xQXU1ad85z1VQ061PqVkPit1GP3HoWssJhJz9H0Ub4KLvuVTVtNMxMLJV8%2Bj3OVnEVzPor6ojNd5QLWEitCyYgDwywlNQmwMJ0Bu4LfHSfR4vzdP0t48Fd%2FrKM3JzUWtUFf4cYT6R52Mi30QtKP1mA7BYZPpxeJLexWvZfe2todmJfmpbNrXnqiTiHgV17tngZX6ODLdebGbix7jXt7MNVc9AIu4EfDZlNEwRr%2B3STfYHGn%2FB5b3e4qHeiirRJBVYFjUfgeoJ%2BhcMYUc6u%2FPTz2n2liCllZFRr6kdrp7BvT8OlwZ7P37YyZp%2FuhVWf5tMOyu5R2EADu3hbx7sBBdMDWbUr2%2B6Jf9%2FUQvs8GHq%2Bj7OvUNvyviyxS6nKoqtur6iGShqz9U6FbjKf%2Fkn2s2wvwRlCvF4LRzAEdLuJh13gFOuABI1Cabywr1zQ3TaGfkdsxOv%2Bp53WSmn2a%2BVfQD8FsYi0Ypk%2BtxF6jvySWdAuqdDBn5xzOS4Io64ifB9DVeZ8ffla9GlFdr7zOWRTxD89q9Hz5pZzOXXGNOMSAmDwD%2BPtLj6WKYwaiA3%2FU2AzguC84AnoS7Lq%2Bb%2BvWBF%2FD%2FSyTXRpv8OYqlgXP08wRKa1dxVapUwRGXYQV3OdHgSE8LoEjTx9zpNPbFaRsOtQUnaEEbxBoHxZXOc%3D&nvMid=29030294588&catId=50001519
아이폰 13 프로 1TB [자급제],"1,627,870원",https://cr.shopping.naver.com/adcr.nhn?x=OfGNxXqKdpQ%2FZ1YsBlG5c%2F%2F%2F%2Fw%3D%3DsRjIxJ%2BssT6xgluIiUiCjEz1QMnT5r38MZlMUBwYG7opWQE1WikGGRjsm7ORTamZ7bYIFZgn3xVNF7bFTWcleqhfPYghtybUK%2Bj9aPYwKaumKAdxyywH8JEYeRd4x0f1t%2FoT2qlBE02y%2BO6bX0ru9TEPg%2F6PYJW9LpCSumzPJoiiI9aZyW4hhCgmcrsQhWGWG4P666JAigMTzVZ%2Bn3tMVP%2FKAXVfyDB1yTbVYYpYzcFnUHxlEatbmVq7jmztE%2Fyws6PDuozZshRRUh96LR7B4vlgNNbT9vldOyV%2FnOqPTLlTBz7%2BORHa%2BX777%2F5U82WuF49cfam7MWe6cShKsHrycnyjAwpc20F6pV%2BL5jHGMsZf1QQzCLreNp8sjPDBjStixlfxinuJIcXbelONAuMrnG3YM2ZM5kwNW%2B6%2BKIIEB6oFFiBdPxTSuvYOb67FAYBAGpxy2zgNMJa1at1GSrSd0QMqD57D2P1PrRaH8zD%2F9mrolDv77rgQoH8LCOsgmhGGjYvI8NZGDKVgT3owfgSQvZrGmCC4NJ0FQqA99zj%2B%2Bar9RN64mBm9G8QruBkLDcHT6tT5iR2YdERiMIq4zXBrZ2qsv68YDhJI9pPHSsvRyOVUBNCgGhnJoYyA8V4j2ARcNDVCYCaeglF2rgr1u2OQIzQ%3D%3D&nvMid=29029192588&catId=50001519
아이폰 13 미니 128GB [SKT],"330,000원",https://cr.shopping.naver.com/adcr.nhn?x=Sm%2FGNqLfpXv6O%2BfnCl7KzP%2F%2F%2Fw%3D%3DsJ8rUHPthMx1aO6B%2F0Z8APC0SzcYMxlZIcypXfFHS2ZBhJz9H0Ub4KLvuVTVtNMxMDotl8CmSdmJpCIudRlXNfJQLWEitCyYgDwywlNQmwMJ0Bu4LfHSfR4vzdP0t48Fd%2FrKM3JzUWtUFf4cYT6R52Mi30QtKP1mA7BYZPpxeJLexWvZfe2todmJfmpbNrXnq1hz%2FAXeUIOHadVflA2MuwLix7jXt7MNVc9AIu4EfDZlNEwRr%2B3STfYHGn%2FB5b3e4qHeiirRJBVYFjUfgeoJ%2BhcMYUc6u%2FPTz2n2liCllZFRr6kdrp7BvT8OlwZ7P37YyZp%2FuhVWf5tMOyu5R2EADu5SiklALs7PgVvg2uP%2BHBy7UQvs8GHq%2Bj7OvUNvyviyxhh%2FWNHTzEhF8d%2BIm%2By1Uk0KuIbGCxo%2BZPx%2FlOXqgft8EdLuJh13gFOuABI1Cabywr1zQ3TaGfkdsxOv%2Bp53WSlnZXrzeujzxLKVTVh%2FORwiOQvH8o8WqGbIV7HCGzTKBeG%2FGfa0NZ5fumGk5NmOa0rhwRheIVjYxWVSDyFGDIh6dSlPOZBN6V54TTL6u%2FzFsA8E9dZUXiH70SFYBGMML4rOl%2FE7Nq00UpkbLaTst2BQDfkLIyuldBS3f8m8e6nLmzUhNzs2VE%2B%2Bisqs3JAEppg%3D%3D&nvMid=29030427586&catId=50000246
아이폰 13 프로 256GB [자급제],"2,299,990원",https://cr.shopping.naver.com/adcr.nhn?x=dOYf4e%2BnudVhApbP5mzusP%2F%2F%2Fw%3D%3DsHgEsa%2FECJGknL59UNXiH%2BXIN0Ejz7F3D6m4OnECupTEbsBKbbjTB%2BBCjsLv6tz%2Bj2NlYu8DyOPP%2Bi76ayyqEj1A6VxwqfSjqc3brr87JVo41AmlK7GK8fggNEPfzTSWA3qXxjj%2Bq5BdS3FUsd8XIM0gAn8lD2%2BxrgblrBqYwPdWug%2B9sjA7rHdeMLkY%2BwIMUBoJ3D2%2FUDVKv9Br5lu%2FNPDQZD6UDT51Dg8nNb9lI8fV%2BFLPJmN7kd5F0maTGsL0caSg5slZkefA%2B1Fh40yRRrQQjrhkd%2BfeGtq6lXLQwh20%2Fa18qhDQ1A%2FKJp3fgBDor391W%2FC1w5SVs2sYtTdFSenDxYwf30ouD%2F2I04UoyfrkVjQCpIk5kx4sJW2hrRfnKYYyQomAOCRwvaXv4BU13v9NWPGE1%2BN7%2BTgH1A8GupQyZzZyDfGo1SQoYRvXGDzWdJDnYvpfz%2Bh%2BZ6wVz3KJUXpoSJ4YK%2FhmXub29GG%2B9WM4PVL%2B%2Frl5PLPXtI0kaP8PkmKdeEMdUbtmzDI4Aa7HQcYIW6jqHJxUk3Pq1dxf8K6kWsYPFLsleVp9VB10ZdKp8jr%2Fvhuz%2FM2bOeEg7k3nONfmxx0kaKXFF1P7xafCyDumXC1yKBlHoLpUMJeLuru7kzY6of2Xpggjm6A4Z8HgJhg%3D%3D&nvMid=29030492586&catId=50001519
아이폰 13 512GB [자급제],"1,190,000원",https://cr.shopping.naver.com/adcr.nhn?x=nrDQ6Acum7mHPaXpLPI3eP%2F%2F%2Fw%3D%3DsH91SauV0Qa1m4swCJBJI9vP%2FOnIburEba4FU%2FEyKms2OO1gGvubExI2y9xF2ph5pWrMCHD6P1Jpgzsj1tRwZoa6rAjLOGBXIDIo16V0MJKG77HXxJsMrMZdUmRLb7C5GRvOn8nPbqGAfHdtROH7g0YBsJjzV%2F3vl5Lmd9HbkUGIF%2FEQHCkzp%2FoVy0fHDkCMIaCcZqnP2ud%2F2J8sS5VreslNP%2F9CJheBrCWSTQseekctl8C7rYBEqh7WRnSBVUgLBxrYGrahc%2B0vMtzzA0l5cMqsJF1TG8DXvuOXRWh2aiSE1QmeK3ZPITzKHcbEnR%2BI8NeCLLhgeaYNIj0zE45scmJCUqhNbugFHlLh7n8V5E%2BIbV9SohnsJOp40F4RSK4iNFcdYzuBco3Mrzku%2B7RlKGy6UxJeah0Om0lkIOZtT9ZLxLbU57LuNzmnFLwGq45KoEM1GB5uTeGVjKntrdsidgc9Tqme0YK6uG79Xy6idNiHlfowHcl1ucGiE6LxBjaayn3MdS%2Bas6sYUXMz1QMo12zzUaLji1QUfW5FQpucBI9B7N0%2BKs0gSFTdhwMrBXaDkSzNkzHmsdouR%2BOxfzusMlPpxDJkUggQm5LJr9%2B0SGTiFbDf4gHI5rSMJU1BWcIOg&nvMid=29030496586&catId=50001519
아이폰 13 프로 512GB [자급제],"1,895,990원",https://cr.shopping.naver.com/adcr.nhn?x=TTpgs225WPESWCpnDAoAp%2F%2F%2F%2Fw%3D%3Ds9drfm5e174mu8Jqon%2FwfOEW3S7R2g%2BEFzqGISl1pKkRhJz9H0Ub4KLvuVTVtNMxMqEL9NysICtI5071H2AxzP5QLWEitCyYgDwywlNQmwMJ0Bu4LfHSfR4vzdP0t48Fd%2FrKM3JzUWtUFf4cYT6R52Mi30QtKP1mA7BYZPpxeJLexWvZfe2todmJfmpbNrXnqlDPFdx1sLuYHxlc7aw3L%2Brix7jXt7MNVc9AIu4EfDZlNEwRr%2B3STfYHGn%2FB5b3e4qHeiirRJBVYFjUfgeoJ%2BhcMYUc6u%2FPTz2n2liCllZFRr6kdrp7BvT8OlwZ7P37YyZp%2FuhVWf5tMOyu5R2EADu88RQWwYMSsU6%2BiuT2JaBvLUQvs8GHq%2Bj7OvUNvyviyxS6nKoqtur6iGShqz9U6Fbj%2BC5IedpcH5QnqiYVB%2FA2AEdLuJh13gFOuABI1Cabywr1zQ3TaGfkdsxOv%2Bp53WSgYUG%2FO4Ti9LGeGGovFy4O7PU6pntGCurhu%2FV8uonTYh5X6MB3JdbnBohOi8QY2msnpDDPNb5YF2TX%2Bj80vhj8l1EzZ6N5cwcspSFo6AaQgSezdPirNIEhU3YcDKwV2g5NKFNYc15ngkye5f%2Ba62E0j6cQyZFIIEJuSya%2FftEhk4hWw3%2BIByOa0jCVNQVnCDoA%3D%3D&nvMid=29030416587&catId=50001519
Apple 아이폰 13 미니 128GB [LG U+],"199,600원",https://cr.shopping.naver.com/adcr.nhn?x=aAh8d6GhIimiPwJS7tk2Tv%2F%2F%2Fw%3D%3Dso%2B%2BQI3o6bYUBp1KhaQ%2FExW2w1kQBMC9mpzUjlXmWGp8XfmlaZeQqomjdtI9e3qsmjSH%2FMw%2Bxx5Y28UUEY3CCuBYcngHdUWGhTUyqWaYdtBWsPwYmOXPceEhScp%2F9T%2B4ngIS%2B3s3jbp680iM90QvrtcOmY27ZGze0Q%2BtXRlM4OxtFSICBvI1ATDFN58yC%2Fe2x1vm2XGM1OuodXneUoWOIbsdAmfSN83ChOoIPfneWzCavS7fnn7TEzbGYEdK0StlzrMrZ8AzsKwFly1FrCThSzquKWQN4b7WstTXVRp4V%2Fd2Kx7G3krbJiQXzryuwwOqJyXc2xNZSHi1FuTNwcE0IJQw406k7xs0C2w5HjX7z9KtcNZN5FF46Jqg7fDWNj5CaKOdai8jGSoEHuxDqOfEbY4BD40iqWaNeYMpOus5JTYBDk2nHMP4aHVCx%2FcONoE3ucOT%2BRsdnHIzNMGl8g3WFM%2B8amjoCusIYcsolWg3Wz%2FvyNHyBUXwWVD2ki0TxnNzyojqSQKemqiiivQnxCTLaNHXDaarmwTHoy%2FWTPcoM4RMRpOFzCbaM6OU97uoPifjr5LR0TUeVTRcf%2BfZE2yjITUCz2AgPPxGMx50rWDSq7nbke%2FVP%2BgM94BPZkP5YJ%2Bex&nvMid=29030431586&catId=50000248
아이폰 13 프로 맥스 1TB [자급제],"1,899,760원",https://cr.shopping.naver.com/adcr.nhn?x=X3JtX3615XVUU0LXlMMshv%2F%2F%2Fw%3D%3DsMlkADi%2FCKAxkDQuZzDeegQkuqmZwLEA1NJZBiFaAS5hhJz9H0Ub4KLvuVTVtNMxMwUl77GxL0ehfSkGVxeolnZQLWEitCyYgDwywlNQmwMJ0Bu4LfHSfR4vzdP0t48Fd%2FrKM3JzUWtUFf4cYT6R52Mi30QtKP1mA7BYZPpxeJLexWvZfe2todmJfmpbNrXnqArgGaDBKbEfnwAwTC02FZ7ix7jXt7MNVc9AIu4EfDZlNEwRr%2B3STfYHGn%2FB5b3e4qHeiirRJBVYFjUfgeoJ%2BhcMYUc6u%2FPTz2n2liCllZFRr6kdrp7BvT8OlwZ7P37YyZp%2FuhVWf5tMOyu5R2EADu1l%2BjKWeNin%2BcFSk98p8v7%2FUQvs8GHq%2Bj7OvUNvyviyxS6nKoqtur6iGShqz9U6FbrnuifVNEmIlG8NAGmDbIe8EdLuJh13gFOuABI1Cabywr1zQ3TaGfkdsxOv%2Bp53WSph2%2B170Lc%2Fh1s0cur%2FyDfkUOWN9OD4ZGbyjxtdt5BjzuwP9L0j7YvHB2OKNn2rLcJVPqN5HXK5km94mKbBs5SUVmXbyAhHfOcn7O3N%2Bl64JEaThcwm2jOjlPe7qD4n4611W9bDwJD2wP6XJre94SN826927gq4QQeANjA0hRCII5Hv1T%2FoDPeAT2ZD%2BWCfnsQ%3D%3D&nvMid=29029192590&catId=50001519
아이폰 13 프로 맥스 512GB [자급제],"1,892,000원",https://cr.shopping.naver.com/adcr.nhn?x=HVyksjkL%2B6mIcYN51UinPf%2F%2F%2Fw%3D%3DsIRKXVD8Gkv1AfZwmpplcpEm1kV9eo5X6zTn%2FFGstfrJWQE1WikGGRjsm7ORTamZ7KSVBAqGxiLbBrNKfgAryIBfPYghtybUK%2Bj9aPYwKaumKAdxyywH8JEYeRd4x0f1t%2FoT2qlBE02y%2BO6bX0ru9TEPg%2F6PYJW9LpCSumzPJoiiI9aZyW4hhCgmcrsQhWGWGOUisOr%2FsrM0gmiALHeCsDvKAXVfyDB1yTbVYYpYzcFnUHxlEatbmVq7jmztE%2Fyws6PDuozZshRRUh96LR7B4vlgNNbT9vldOyV%2FnOqPTLlTBz7%2BORHa%2BX777%2F5U82WuF457X5VLIM9Uh5geYAZmu64%2FBN5jiiWCZ03kgI6EFVI71QQzCLreNp8sjPDBjStixlfxinuJIcXbelONAuMrnG9L60K7w3RootRi5qyN45X9FiBdPxTSuvYOb67FAYBAGpxy2zgNMJa1at1GSrSd0QLbuzmWacN92LOvitfD%2BwvUN%2FOXq06xFLlMCwNDQObjPLcqEhOiscytOptfh0D9%2BAkk16oed1GXrY9sZ4sGAaI5AkC8t5iUmsJQj%2BELWbbBIEs8cFUTVf2EXpmSuc9bAhKQOhHqKEiBih%2BS7%2BmRezBCsVztBfSHgOmLGp7vzSe3zxyAhEKTy%2B0Zvtn8oYxIR0Q%3D%3D&nvMid=29029192586&catId=50001519
아이폰 13 프로 맥스 128GB [자급제],"2,243,460원",https://cr.shopping.naver.com/adcr.nhn?x=C0kxym4ovGmPgihQNAwPlv%2F%2F%2Fw%3D%3DseLvjfodKO%2FgEXipsOd1oShYPqek0Ox79vKGSLeG%2BkdBhJz9H0Ub4KLvuVTVtNMxMTZ6tI2YRbrvRaW0DxuGggZQLWEitCyYgDwywlNQmwMJ0Bu4LfHSfR4vzdP0t48Fd%2FrKM3JzUWtUFf4cYT6R52Mi30QtKP1mA7BYZPpxeJLexWvZfe2todmJfmpbNrXnqnCfUWv5T09LdwRr0l79u4rix7jXt7MNVc9AIu4EfDZlNEwRr%2B3STfYHGn%2FB5b3e4qHeiirRJBVYFjUfgeoJ%2BhcMYUc6u%2FPTz2n2liCllZFRr6kdrp7BvT8OlwZ7P37YyZp%2FuhVWf5tMOyu5R2EADu12EZ5ruy2YJfyNPapXUrDXUQvs8GHq%2Bj7OvUNvyviyxS6nKoqtur6iGShqz9U6Fbu4grDpiDWcjNf4Cbyqxul8EdLuJh13gFOuABI1Cabywr1zQ3TaGfkdsxOv%2Bp53WSph2%2B170Lc%2Fh1s0cur%2FyDfm9lbCAHUgYx7U3V2HOvd43o64ifB9DVeZ8ffla9GlFdjN1N8Q0UbI7dffulxtHXsLbbB2LHFG0ivsfayI4XP7niA3%2FU2AzguC84AnoS7Lq%2BRV3d4M5nLS160BNDlE1RKNq2bevILizcYOnUjcEqGk0VoWd0jB03C5aYq3HUc1IKtSSLJQZncWk8e8Ttfjz6Fs%3D&nvMid=29030367587&catId=50001519
Apple 아이폰 13 미니 256GB [LG U+],"506,490원",https://cr.shopping.naver.com/adcr.nhn?x=0XorpO9tmQhYGmWMktXbE%2F%2F%2F%2Fw%3D%3DszTldQkWgtk53IAoa3T7e243mH0KOD4jhJMiKarmtxBRhJz9H0Ub4KLvuVTVtNMxMjeiJxvRsvZObhu55%2FTk8ipQLWEitCyYgDwywlNQmwMJ0Bu4LfHSfR4vzdP0t48Fd%2FrKM3JzUWtUFf4cYT6R52Mi30QtKP1mA7BYZPpxeJLexWvZfe2todmJfmpbNrXnq7r8%2BMjx%2B1KQXJkem2XwtE7ix7jXt7MNVc9AIu4EfDZlNEwRr%2B3STfYHGn%2FB5b3e4qHeiirRJBVYFjUfgeoJ%2BhcMYUc6u%2FPTz2n2liCllZFRr6kdrp7BvT8OlwZ7P37YyZp%2FuhVWf5tMOyu5R2EADuzdBDgITM7vyI3tx50FlqJjUQvs8GHq%2Bj7OvUNvyviyxeoI3z%2BL14z9v%2Fx%2BL9Zw%2FKmLQMOcYcrJcjQFs3u7PKccEdLuJh13gFOuABI1Cabywr1zQ3TaGfkdsxOv%2Bp53WSqpXfupfvQHGQjlBrQFXHE75YbLlxragaaIQX6kJDBj8D6QkZjCZcMNTR4jeTmX45Sx300%2FS%2FOJxnCBR5Sz0Et5RN64mBm9G8QruBkLDcHT6nMvfhOcQP71X1khQ2Lhzt0xthkQxyKK3kQX9Qb0oYUku6T5S2%2BK16DXItYmBr8l0Bq7h9PA5SrIXrcWPClBGWw%3D%3D&nvMid=29030376589&catId=50000248
Apple 아이폰 13 128GB [LG U+],"147,500원",https://cr.shopping.naver.com/adcr.nhn?x=0%2FnWv7%2FXe7%2FzSu%2BZ%2BBsSkf%2F%2F%2Fw%3D%3DsW9TBFs6%2BAKFNWBpkaOnM6HkvdDhRexm%2Fn07ljT6mdthhJz9H0Ub4KLvuVTVtNMxM5FtFO2NIhlpzEN0qHN8znpQLWEitCyYgDwywlNQmwMJ0Bu4LfHSfR4vzdP0t48Fd%2FrKM3JzUWtUFf4cYT6R52Mi30QtKP1mA7BYZPpxeJLexWvZfe2todmJfmpbNrXnqYKFZZuluUMYgcwBfGEHeObix7jXt7MNVc9AIu4EfDZlNEwRr%2B3STfYHGn%2FB5b3e4qHeiirRJBVYFjUfgeoJ%2BhcMYUc6u%2FPTz2n2liCllZFRr6kdrp7BvT8OlwZ7P37YyZp%2FuhVWf5tMOyu5R2EADu%2FEvkdD20wew3qlKV9hWxNDUQvs8GHq%2Bj7OvUNvyviyxeoI3z%2BL14z9v%2Fx%2BL9Zw%2FKpOVC1RHIUDXk8jQD21uW9UEdLuJh13gFOuABI1Cabywr1zQ3TaGfkdsxOv%2Bp53WStKWMVTtA07HCUp%2FbeQ6Tv27A%2F0vSPti8cHY4o2fastwN%2FJKacIlwQoZF%2FRZO2KyViRYBYSss6Qn6Af8LK5UVDwSzxwVRNV%2FYRemZK5z1sCEQQMV77P5KYZboaPM7fDlIjeWbRwCHlywasTGoiVUOLDHICEQpPL7Rm%2B2fyhjEhHR&nvMid=29030372586&catId=50000248
Apple 아이폰 13 프로 맥스 256GB [LG U+],"933,000원",https://cr.shopping.naver.com/adcr.nhn?x=ZMzJo9TPSH5JtcWM2zuKwP%2F%2F%2Fw%3D%3DsBSnkG147JZBmKvVymF2LAUF5HjqUyomvJUqKuDaMxcBhJz9H0Ub4KLvuVTVtNMxMONXumhhWnFYa1sHpjsTwtZQLWEitCyYgDwywlNQmwMJ0Bu4LfHSfR4vzdP0t48Fd%2FrKM3JzUWtUFf4cYT6R52Mi30QtKP1mA7BYZPpxeJLexWvZfe2todmJfmpbNrXnqXLTN90WNo2bfYUnKxvyYpLix7jXt7MNVc9AIu4EfDZlNEwRr%2B3STfYHGn%2FB5b3e4qHeiirRJBVYFjUfgeoJ%2BhcMYUc6u%2FPTz2n2liCllZFRr6kdrp7BvT8OlwZ7P37YyZp%2FuhVWf5tMOyu5R2EADu%2FEr6BwGlnYpo0lGLp3jOdTUQvs8GHq%2Bj7OvUNvyviyxeoI3z%2BL14z9v%2Fx%2BL9Zw%2FKqqXgzFBNe%2B9GsspdK7tuxMEdLuJh13gFOuABI1Cabywr1zQ3TaGfkdsxOv%2Bp53WSmn2a%2BVfQD8FsYi0Ypk%2BtxGU7u6s4eGvcC%2BQhLTFP7rmSZv9Z3vZVGXYiyeb1%2FD5s%2BTSu%2FlA420N%2FUHaaqb6oZ6h%2FgB7PIOKh60HQxvcxX1x%2BgtF15PMkmjkNDmi88yMRWV5wOwhsN4tWQiDFOav9PBGsFRLfpo4S%2FO6zEVIgNubaGimR4pR27mrh1IoDTOSgA%3D%3D&nvMid=29030190586&catId=50000248
아이폰 13 프로 128GB [SKT],"1,183,300원",https://cr.shopping.naver.com/adcr.nhn?x=YXubyBhe4vo420DxV6VIbf%2F%2F%2Fw%3D%3DsbS0i%2BuISxqh64eScOfd9hQ%2Bc1pMeHmWGEnaryb009PEbsBKbbjTB%2BBCjsLv6tz%2BjLmZE1mSjbbHw93t0vdBH4SmFn17ayK9TdT%2Fqgg8hx3E1AmlK7GK8fggNEPfzTSWA3qXxjj%2Bq5BdS3FUsd8XIM0gAn8lD2%2BxrgblrBqYwPdWug%2B9sjA7rHdeMLkY%2BwIMUJKycW30Lm%2BoeTaDWZrPaWTQZD6UDT51Dg8nNb9lI8fV%2BFLPJmN7kd5F0maTGsL0caSg5slZkefA%2B1Fh40yRRrQQjrhkd%2BfeGtq6lXLQwh20%2Fa18qhDQ1A%2FKJp3fgBDor391W%2FC1w5SVs2sYtTdFSeqz7nF9xqoVlyN7RQHVsgrsVjQCpIk5kx4sJW2hrRfnKpDBqSwVsacc%2B%2F0aFtm3FG5IUIRV4n%2FAPqQQ3Tu5U%2BPuZzZyDfGo1SQoYRvXGDzWdJDnYvpfz%2Bh%2BZ6wVz3KJUXov5TurvHzcmsFW4yXHzYi0Vt9pTkpnGVmYPn3YYYHlEIN7H7S8eLhVXZgG6RF8zXa4l1rE9sBwB2Gbg99UTlibC0hiHfmfzmAI0X1cC502Kd2QIbETrDLOUbSBmEJiAphW94AJCV3IjRE%2F7pr02IwM2bxMn4hiVX6k0mTmkwKMmHRyPBWbUFRhWScTsgQynPg%3D%3D&nvMid=29030177588&catId=50000246
Apple 아이폰 13 미니 512GB [LG U+],"448,000원",https://cr.shopping.naver.com/adcr.nhn?x=l1GuEm5C%2BEQL3klp2W4O0%2F%2F%2F%2Fw%3D%3DsA198PeELG1zKPVzxX69hF%2F%2FnsauLYSRZeMH4E925ByZWQE1WikGGRjsm7ORTamZ7jL%2BJF3iC5WUcc%2BWUYTjMhBfPYghtybUK%2Bj9aPYwKaumKAdxyywH8JEYeRd4x0f1t%2FoT2qlBE02y%2BO6bX0ru9TEPg%2F6PYJW9LpCSumzPJoiiI9aZyW4hhCgmcrsQhWGWGXCy5AzzvlVMr8iZpAmv1CfKAXVfyDB1yTbVYYpYzcFnUHxlEatbmVq7jmztE%2Fyws6PDuozZshRRUh96LR7B4vlgNNbT9vldOyV%2FnOqPTLlTBz7%2BORHa%2BX777%2F5U82WuFwQgzXGhP1K%2FiJ%2BAmedYseb4SwjXuyQ1IGQHwdArj1uD1QQzCLreNp8sjPDBjStixj1OT%2BvUJUOEzwKKBwf%2FstQYatFguehIKnW%2B52tHgcthFiBdPxTSuvYOb67FAYBAGWR34PGgX21IX5FwB8U%2FAX3SvUky3TWlImeub8OCXd0%2BhzDfp6Y5Zq42WobtISlGzjeAT36cSMbm9rziBVBqwu06Gv1pjFHa%2Bmvqmxz0ub9ENauEcRynSn%2F8orOK7nc907CD4d8H63YUwqEUh09GuSzpz3BjG9yq2bkQZOYcrAsMDfkLIyuldBS3f8m8e6nLmzUhNzs2VE%2B%2Bisqs3JAEppg%3D%3D&nvMid=29030419586&catId=50000248
Apple 아이폰 13 프로 256GB [LG U+],"1,299,200원",https://cr.shopping.naver.com/adcr.nhn?x=D52gjoOwstI6b3YA6983A%2F%2F%2F%2Fw%3D%3DscNg%2FK%2F6shuKTfWJnH8Xm9N0XqIuRjYHucEOMUdsO7xphJz9H0Ub4KLvuVTVtNMxMpX60pfVY%2FQLhXwlYANHZ0JQLWEitCyYgDwywlNQmwMJ0Bu4LfHSfR4vzdP0t48Fd%2FrKM3JzUWtUFf4cYT6R52Mi30QtKP1mA7BYZPpxeJLexWvZfe2todmJfmpbNrXnqiHryMIa0vOlFa0dwxiKn27ix7jXt7MNVc9AIu4EfDZlNEwRr%2B3STfYHGn%2FB5b3e4qHeiirRJBVYFjUfgeoJ%2BhcMYUc6u%2FPTz2n2liCllZFRr6kdrp7BvT8OlwZ7P37YyZp%2FuhVWf5tMOyu5R2EADu5omSyr%2F4ISpzZ%2BvkzuEzHTUQvs8GHq%2Bj7OvUNvyviyxeoI3z%2BL14z9v%2Fx%2BL9Zw%2FKkAYb84X6P6evVlwEmIJJLQEdLuJh13gFOuABI1Cabywr1zQ3TaGfkdsxOv%2Bp53WSsISsS%2BCTbLI5Q3DJYN6lKb5YbLlxragaaIQX6kJDBj8D6QkZjCZcMNTR4jeTmX45Up9r069aaj70aCEzppz5EVP4PMPHCnudPTZjGRUD3iUNRz%2F1p7y%2F7BkKr1T4lvKTTrkkojOcpZO2hMEwnkfRrTnMN4BUpi6NFTaZnfHd1XEQdAiJdwXirBRdnaxfvrBbw%3D%3D&nvMid=29030415586&catId=50000248
아이폰 13 256GB [SKT],"1,177,700원",https://cr.shopping.naver.com/adcr.nhn?x=EGLsGS%2FfM3D8i5i9%2BMcv3v%2F%2F%2Fw%3D%3DstQ7GBTKBqYXMpFwpfAIc3C7h8kMA06alQy7txLlEnSFhJz9H0Ub4KLvuVTVtNMxMvDyrLOCvb4nNkR8opeRC9pQLWEitCyYgDwywlNQmwMJ0Bu4LfHSfR4vzdP0t48Fd%2FrKM3JzUWtUFf4cYT6R52Mi30QtKP1mA7BYZPpxeJLexWvZfe2todmJfmpbNrXnq1uDKrIk5BmWXEXPkUSPXALix7jXt7MNVc9AIu4EfDZlNEwRr%2B3STfYHGn%2FB5b3e4qHeiirRJBVYFjUfgeoJ%2BhcMYUc6u%2FPTz2n2liCllZFRr6kdrp7BvT8OlwZ7P37YyZp%2FuhVWf5tMOyu5R2EADuyCTTDvhpg6uk0PIFMNJaMrUQvs8GHq%2Bj7OvUNvyviyxhh%2FWNHTzEhF8d%2BIm%2By1Uk0mhwRPAk4Aubtk%2F9eaCKtwEdLuJh13gFOuABI1Cabywr1zQ3TaGfkdsxOv%2Bp53WSvHRdSEoKvnaISgsBxWXM01Jm%2F1ne9lUZdiLJ5vX8PmzNbFRAAslQiw%2Bhp21o36Ck5oH66dRmbKIywk2Y8cv7F2Ov%2B%2BG7P8zZs54SDuTec41VYOtPXymzY0f2TrQBJ0effjF0ru7FcGFGUqi1JPGU67Njqh%2FZemCCOboDhnweAmG&nvMid=29030181591&catId=50000246
Apple 아이폰 13 프로 128GB [LG U+],판매중지,https://cr.shopping.naver.com/adcr.nhn?x=DJanA5oz1cR890a4jAOkgP%2F%2F%2Fw%3D%3Dsq8eWYM%2BJJwOqUc1I5QIyCpjyUG7ePLjwKJ%2B90KUkYxUbsBKbbjTB%2BBCjsLv6tz%2Bju6OpOvrdm4JF6R04HGeeLmM0iWpQiMVVsbX6ag732Is1AmlK7GK8fggNEPfzTSWA3qXxjj%2Bq5BdS3FUsd8XIM0gAn8lD2%2BxrgblrBqYwPdWug%2B9sjA7rHdeMLkY%2BwIMUAcBTqEozy4pkQ0spRQIsFTQZD6UDT51Dg8nNb9lI8fV%2BFLPJmN7kd5F0maTGsL0caSg5slZkefA%2B1Fh40yRRrQQjrhkd%2BfeGtq6lXLQwh20%2Fa18qhDQ1A%2FKJp3fgBDor391W%2FC1w5SVs2sYtTdFSekQdT%2FOoaQ8cPLq%2BE25SuVcVjQCpIk5kx4sJW2hrRfnKqwZ9aKCnp%2BOD2OzgCp1jz29RP4ckrtPsVw3BnEL5GUKZzZyDfGo1SQoYRvXGDzWdJDnYvpfz%2Bh%2BZ6wVz3KJUXov5TurvHzcmsFW4yXHzYi3pLKfV7lHXkGfYNhWiUOPtINRw1QNF%2FOPJXb5%2B358LYFjMd3uJgaPWp1TlzdmUh5qdSlPOZBN6V54TTL6u%2FzFsnekDnZNGRJyFus6YjXMTFC5IltnrYjhrZMVcdLr4FGpvU2Y6hEEwGxc1AZfON9sL4VRAH%2BsMDObarUodGweR8Q%3D%3D&nvMid=29030175590&catId=50000248
Apple 아이폰 13 512GB [LG U+],판매중지,https://cr.shopping.naver.com/adcr.nhn?x=ptVy4Y3Vi7gwRyx6XIn9Bv%2F%2F%2Fw%3D%3Ds%2FYF%2F%2BRiLtWUdhB%2BgDJBlkY19grgzhtW9ByOvPxwlg%2F9WQE1WikGGRjsm7ORTamZ7D2Ps9%2BlRm4WRv7z%2Fb%2FqQKhfPYghtybUK%2Bj9aPYwKaumKAdxyywH8JEYeRd4x0f1t%2FoT2qlBE02y%2BO6bX0ru9TEPg%2F6PYJW9LpCSumzPJoiiI9aZyW4hhCgmcrsQhWGWGX%2B2ylAMx2hZri%2F8qpxunmfKAXVfyDB1yTbVYYpYzcFnUHxlEatbmVq7jmztE%2Fyws6PDuozZshRRUh96LR7B4vlgNNbT9vldOyV%2FnOqPTLlTBz7%2BORHa%2BX777%2F5U82WuFb8rgE28b4Gt2wt64jAwcY6vnWRcRD4%2Fn2SxUxgwelz31QQzCLreNp8sjPDBjStixj1OT%2BvUJUOEzwKKBwf%2FstWwMN2K9hcrs45tluKoxzQlFiBdPxTSuvYOb67FAYBAGZEiQcN5Y62iqKHankNOz3%2BD0cvk9jTjZ%2BuckMQRAROZBskTaofqwA6IQD8JZOZb7Q%2FgUIguuKOUsswOBPGMDpk%2Fg8w8cKe509NmMZFQPeJSyiykm3oxOiW1MZw3mqbO3TdOoqeMSRJhD7i9JSj1U3Ocw3gFSmLo0VNpmd8d3VcRB0CIl3BeKsFF2drF%2B%2BsFv&nvMid=29030296586&catId=50000248
Apple 아이폰 13 256GB [LG U+],판매중지,https://cr.shopping.naver.com/adcr.nhn?x=j43V%2FJeZo28%2FXkCCG1YSQv%2F%2F%2Fw%3D%3DsdRfSOltPaJpgjKFX1tqFXV1G7N%2FFz9Fe16Q5WmgWdE9WQE1WikGGRjsm7ORTamZ7vtiM4rznP7E%2FQVkIginAPRfPYghtybUK%2Bj9aPYwKaumKAdxyywH8JEYeRd4x0f1t%2FoT2qlBE02y%2BO6bX0ru9TEPg%2F6PYJW9LpCSumzPJoiiI9aZyW4hhCgmcrsQhWGWGTwEWDiIsnrxQmvtZfIOOBfKAXVfyDB1yTbVYYpYzcFnUHxlEatbmVq7jmztE%2Fyws6PDuozZshRRUh96LR7B4vlgNNbT9vldOyV%2FnOqPTLlTBz7%2BORHa%2BX777%2F5U82WuFwQgzXGhP1K%2FiJ%2BAmedYseek7dLEEf8oayrRW258GHeb1QQzCLreNp8sjPDBjStixj1OT%2BvUJUOEzwKKBwf%2Fstc3TMKfDPuSjd8cGIdbb5jZFiBdPxTSuvYOb67FAYBAGCXV2B8r6mc9GdpPVxGCf8U8nkK7045HdcbXgl2QuhmRBskTaofqwA6IQD8JZOZb7FFWwhOMlQFcOAPSpKDAedE%2Fg8w8cKe509NmMZFQPeJSlRkHNhnYg5p8Z4ga0hjR65UqCRsGEqJP1ocD5X1Q39ecw3gFSmLo0VNpmd8d3VcRB0CIl3BeKsFF2drF%2B%2BsFv&nvMid=29030189588&catId=50000248
Apple 아이폰 13 프로 맥스 512GB [LG U+],판매중지,https://cr.shopping.naver.com/adcr.nhn?x=0Z26U9tqKY3Ks01YcXH%2Fhf%2F%2F%2Fw%3D%3DsjOllvEg2dWSrydYo0LgQ5Vm9IwPA47E6a5IEZUpBW%2BAbsBKbbjTB%2BBCjsLv6tz%2BjmHkFFeH%2BR6iOD6g7gIfAdyHXI761O1mPyQq2tU3Y3GQ1AmlK7GK8fggNEPfzTSWA3qXxjj%2Bq5BdS3FUsd8XIM0gAn8lD2%2BxrgblrBqYwPdWug%2B9sjA7rHdeMLkY%2BwIMUeLonWMPrGi0RSJvZfvKEXzQZD6UDT51Dg8nNb9lI8fV%2BFLPJmN7kd5F0maTGsL0caSg5slZkefA%2B1Fh40yRRrQQjrhkd%2BfeGtq6lXLQwh20%2Fa18qhDQ1A%2FKJp3fgBDor391W%2FC1w5SVs2sYtTdFSejO4tDWIl06xkqqzO6ezgsYVjQCpIk5kx4sJW2hrRfnKqwZ9aKCnp%2BOD2OzgCp1jz%2Fd8vsxL16XFHWX6ZKKXTdaZzZyDfGo1SQoYRvXGDzWdJDnYvpfz%2Bh%2BZ6wVz3KJUXsds9B%2BMUzAQtFYI3wiD8cZlE3yTZ7kdFga0NlZ5aucV8jR8gVF8FlQ9pItE8Zzc8uSvx%2BbyYNIA8k2MpesCUw88am5VGmmSrWoSRNbZtFhRj%2FaM5nVf1rOXk0fVU4woW4g4YHlz24PRlSZFcCIMw036cQyZFIIEJuSya%2FftEhk4hWw3%2BIByOa0jCVNQVnCDoA%3D%3D&nvMid=29030181590&catId=50000248
Apple 아이폰 13 프로 512GB [LG U+],판매중지,https://cr.shopping.naver.com/adcr.nhn?x=wN0pMrZvdJmGEkm1RYba2%2F%2F%2F%2Fw%3D%3DsFvXqTdHiXPtYt1PsZIAIj8gHVSN6BX05zAcuETeYbRthJz9H0Ub4KLvuVTVtNMxMF5m0bMG%2F9lDRVA746ShyC5QLWEitCyYgDwywlNQmwMJ0Bu4LfHSfR4vzdP0t48Fd%2FrKM3JzUWtUFf4cYT6R52Mi30QtKP1mA7BYZPpxeJLexWvZfe2todmJfmpbNrXnqIsGCGgJXjOrApw75v82D8rix7jXt7MNVc9AIu4EfDZlNEwRr%2B3STfYHGn%2FB5b3e4qHeiirRJBVYFjUfgeoJ%2BhcMYUc6u%2FPTz2n2liCllZFRr6kdrp7BvT8OlwZ7P37YyZp%2FuhVWf5tMOyu5R2EADu8vQSuB1M0kn8GmFiGGl5%2FDUQvs8GHq%2Bj7OvUNvyviyxeoI3z%2BL14z9v%2Fx%2BL9Zw%2FKgVLeMiVXYeZJHMK4Qy1jbEEdLuJh13gFOuABI1Cabywr1zQ3TaGfkdsxOv%2Bp53WSoxqwZBF0bVSsXUQll%2Baosn5YbLlxragaaIQX6kJDBj8D6QkZjCZcMNTR4jeTmX45QatbUgndX2UfEXQ7MqGwNZicchwRNwmJ84TyxvjggzFa1DDBukzSDP4qR1RiJ2L4riO0KU5SfrS11vVhqaYhhdXc50eBITwugSNPH3Ok09sVpGw61BSdoQRvEGgfFlc5w%3D%3D&nvMid=29030295586&catId=50000248
[전시]애플 아이폰13mini 미니 128GB 자급제 스타라이트,"739,000원",https://cr.shopping.naver.com/adcr.nhn?x=R%2FwBQTudZTOSlKBhT46E7P%2F%2F%2Fw%3D%3Ds0My6%2FZcJE5qJASDxl28X6P1aPsyHow6U6WyQBwaiMmFWQE1WikGGRjsm7ORTamZ7CFz%2BG3VbB7CwZQ6lHViGfhfPYghtybUK%2Bj9aPYwKaumKAdxyywH8JEYeRd4x0f1t%2FoT2qlBE02y%2BO6bX0ru9TLuVw3GdaDAvxDSjC3cnt2Z%2F22ms%2BW8TiQQNz%2FOHMMFFHRhRQmrFWTXcm%2BF1uO%2B0NoYp96kbLP9zkGOxwXtdkFbL%2Fowdnq7%2Fmfq67OVRzok0S5SJNLgIdS1XFCtZ5GETGNK8RWWmIyoafxLJFeoLjoRbZdmBFHW5rNiXL1Kbei5VG1fUqIZ7CTqeNBeEUiuIjW3YvGVQ%2FdQoaPMOHCNX%2FP3N81WjUpxJVJrN5mDsz4Bpx8KFczpwXhut%2BTBCTVaeZGxFE9kIe3FDv9Pr4n2JxhBca637qAZCf68IhYnLmAGfr4vhDvuoTEvx2DSKsOHDD0EJTFxsRaSQtgxpqze4qdHPCcIzKnbNGZBUTm%2FdkzFFYvtKILufUqTnSVvMpJyXCEyBExyzcrNqNI4JsakVCagtIPTU0Tek4R8YWVAH5QjduEjlUdP%2FYJHE2zCbyhOqJgcpzStLpQcVA9PDDeA9s5cdHI8FZtQVGFZJxOyBDKc%2B&nvMid=85266277029&catId=50001519
Apple 아이폰13 프로 128GB 미개봉 iPhone 13 Pro 256GB,"599,000원",https://cr.shopping.naver.com/adcr.nhn?x=beakdhePgohtZO1Yuedu5f%2F%2F%2Fw%3D%3DsLi7bYfspbOw24sNA3v3NJWe1dDeP4ImF9Zi618Ue%2Bi9hJz9H0Ub4KLvuVTVtNMxMnIFjWRxIWWYQeeq66Zq%2BoZQLWEitCyYgDwywlNQmwMJ0Bu4LfHSfR4vzdP0t48FdHvLQdGLNNL11YHxhSIjtA13E%2FRIJOlCm0lU0Oz1A2wTgv6Uqdx%2BQ4rufvoPK93htC3CZitK3%2F1tY81pZ9gbfRsci8RGjjdy0iNYAHrStx89%2F%2Bx%2F%2BX4JJ0affUrPvwyu8dgdRx5SFZJTid3NLdxLCixCGSQdcrj%2BZJHLmJxgT%2FbtkL5JdTHDItRySe25wAAG18SwWTL81BbUT8ZHYJ7uhDFd%2BqILAG09hjAR1K3qLYkBW0DuBocUbodIAM1UDUSX68BweFlrVH5FCPjl13bh2dglirahMxxJkJ%2BSznZEPXSoYgf7gnUc0%2FBs9zRCLMr9FWNENOQ%2B8I8dn%2BPt5QYsP8X7XHDNpOnEeaC6kxh6ol7K5kp2i2MrlMGZvWbZdy%2BvHnIkJtenQqaEhnIlN87HPbJnm2e2Us3ZGgBgdKfiaiFsaIbT4wPT2RVq4kndhIVrUukvlkWrNOaXhjMMDIfAmhNIQkNZa%2F6%2BYW623rzYZiNzLVWGr8fvvH1mWvUgXPK6j&nvMid=41915331719&catId=50001519
애플 아이폰13미니 iPhone 13 Mini 128GB 256GB,"766,080원",https://cr.shopping.naver.com/adcr.nhn?x=vrH0l%2B5I6wf%2F1zIFJtB5zf%2F%2F%2Fw%3D%3Ds%2FlGDwkVgrinsfSnLGNWFvuRug%2FKXYMuaHbyeZF%2FnQfdhJz9H0Ub4KLvuVTVtNMxMpDcJ1dPYVqcyNqlBKN04xpQLWEitCyYgDwywlNQmwMJ0Bu4LfHSfR4vzdP0t48Fd%2FrKM3JzUWtUFf4cYT6R52LDXn0IDLBCgN%2FK3%2BGwmqM%2BpFjjh%2FGPU%2BK9K7OXF%2BaHk0eX6N0xSuoVW6n8HgFyAb3NZXAjTU140Z5cGORBPQeCsTne7SnPCJCmV%2B7V72gW1rhn%2FwdfGdnD6L4ClGdpZ1NstajnLQRWnGlOOlt9%2FpKgHs%2F2PHkpmvWjL2qy1nHubNNZJGhmIHeTxdh75cYjNiavFS6QH1CEKkWICwWv1z%2BrHvY%2FUzN94OzIr5wG3PfiAzpfdp4SuFGm%2BmdvGfGqqHvIzmpq%2BEGzdc2LPHR%2FORHeKqlKvy042cgqEN3oNYZa7VyLePafzwJ7IJYWG9evAIF%2FHRKso13E1TFWDCyNMEbFmGMuMT1v6aklgEx6Xgd2sCc7uJBzwDP0jXO1RgTyERlbel04JJxhUP0l%2Bscxop%2BexChwsQYZrTCyV4dzakWStbqhMFS4ep4UgmRViVxj0aVW%2FEVx17SbwYVbGq1cYQn9vU2Y6hEEwGxc1AZfON9sL4VRAH%2BsMDObarUodGweR8Q%3D%3D&nvMid=40982957102&catId=50001519
애플 애플 아이폰13프로맥스 (13ProMax) 256GB 자급제폰 기기변경 KT 직영점,"520,000원",https://cr.shopping.naver.com/adcr.nhn?x=eSEROzUxOdwaI1zRTJ5il%2F%2F%2F%2Fw%3D%3DsWhFR84NPh%2Fo8S%2BHo9UtipXYDJEKHRsYHE5TL0QuAYQQbsBKbbjTB%2BBCjsLv6tz%2BjH9%2Fx36y02YSbeZLumA6t%2FyfXUBVa5KnsWrDwCiqvhBQ1AmlK7GK8fggNEPfzTSWAKOcqb6fC8xHFA%2FpGRnmxTyEZeoQHMcdY%2BBmIxWKmM6UYU9jgztfft7b6b5ZIhhGI5zq%2BSXh%2FmOUTYEDHT3kYiIsFwae0BHwdZpQbOfz6J3Mx8HAjT6wrhbNvLxRu%2B%2BanA5yJ5A0ZHWpnuDoUxfsvwiJiuf%2BuN2z0hTDr%2BqeT%2FlrGtgatqFz7S8y3PMDSXlwyqwkXVMbwNe%2B45dFaHZqJITVCZ4rdk8hPModxsSdH4jx6Nf87O5V6FOJPgsgKIiKQOPYW9gqyiOTyotsV8F52pQxuHr8vjNd4%2BuFGDp4U8hkwyeZEKxR8aZ3uRj%2FADVHZeiudN4wUxYjvrJTsG8aODkJEkoGUM6gV5KvKFG5rlQSf9RnMeAF%2F1NclUo3FcvOJR6YYAjVRLq9xfyii7uoeFYVYJv6bExk0P2ajtRGx%2FXyVZgrR0ftk27IZl2L68Z3GlBnnV%2FX20wgOMcHafMgtrKWRfrjtl2OPD36vkxy%2Bn5puEO2oFbSY2zOY%2BgbbwLKso64FkP9CQbIx7neKc6OctTYxZ6SqZNwN9v2EzMQhx2o8TrH2Xsy5X%2FM5SAiCva2DbcdOKUrAjMIGNkP9tRijG4KoDr6us%2BRKRCOTdsWr9TI%3D&nvMid=39558243727&catId=50001519
아이폰13프로 iPhone 13 Pro 128GB 256GB 512GB 자급제 시에라블루,"1,147,000원",https://cr.shopping.naver.com/adcr.nhn?x=E4vPxMHKUECRCgRyDagX3P%2F%2F%2Fw%3D%3DscDiA0Iomg8XqfXKFrwClQgp7Qc4xHNeDnB6wQ%2BXh%2F5FWQE1WikGGRjsm7ORTamZ7sX2n%2BwLUd8fX%2BZNfSt5qHxfPYghtybUK%2Bj9aPYwKaumKAdxyywH8JEYeRd4x0f1tqXYA7QfxtXt6FcsFxRKrSnzmYN%2Fcvl75AGnByk2TjWEm5OY6%2FBA05LWPXaqTF3xXtN8597SGkEK427wybDImu1S60A6z4GZmkoJ1H3uVU73HkA3BVDGht2QOegmMwp4MMRsNtoHaEwDjS7MMJ%2BDctVLDabeb0bjIVAUpLAEo7IKVU%2BS2SoNf2cnMaKG4yW7ZxisTNG3bKr5crAtYeJ3D86uKWQN4b7WstTXVRp4V%2Fd2Kx7G3krbJiQXzryuwwOqJ3Db8ZdNCWI72ST8E6ybpKhlaUE6ikjD265nlfJf%2BQVV%2FlLnJwMa7Bt8R2%2FUDqQrCZHD8hqCP9Tg0Xb0nrI3pcaPzThiK2F%2BBl7w3XDMzClKBzkUeIkmcrfmfbKHs8oAMNIeLts8SWSNGxDH7KmZ1Rw7l5DpYAmp32omXo7UI%2BsgtdkCoIQzNPw7DxZ5DeOXjLZqUh2cQo3PVEwfsdTonDH1tzRD%2FxQ3oU8jjxgVETCZqwcWm18NkT%2FMfnyd%2FxdKr1cySkuVthYOs%2FCz1N5H30MvTtug4vCjEvohqOyQz59m8KjZ%2FosKy4TZvrWTgofZn7O%2FoOid%2BwHlYPgbBkL4aKc2OqH9l6YII5ugOGfB4CYY%3D&nvMid=41252673831&catId=50001519
아이폰13미니 iphone 13 Mini 128GB 256기가 자급제,"870,170원",https://cr.shopping.naver.com/adcr.nhn?x=a%2FXYUGFwf1%2BEWRTdy145ff%2F%2F%2Fw%3D%3DsIehEoNHBYo09CslBfGRMbJaVoA7em1OXhZoQ9Ep4pJJhJz9H0Ub4KLvuVTVtNMxMbGusiDruxCRZn8xIMLxqA5QLWEitCyYgDwywlNQmwMJ0Bu4LfHSfR4vzdP0t48FdHvLQdGLNNL11YHxhSIjtA13E%2FRIJOlCm0lU0Oz1A2wTgv6Uqdx%2BQ4rufvoPK93htM7wIWGazB%2BbAvL3PteCoPosQT62psVOxahyVeu2OGiN%2F%2Bx%2F%2BX4JJ0affUrPvwyu8dgdRx5SFZJTid3NLdxLCixCGSQdcrj%2BZJHLmJxgT%2FbsFbfqvhBmyFER%2BD7e%2BrtE22MM9rmzNMcem3e5UvjNUPFd%2BqILAG09hjAR1K3qLYkCyRXRzc0OJZiKQdXYPTIsqA19BBKKBwCt3525SPO7TWqDPSFYORZXI8IVKbPEbyKhwQoU5%2BXCi79HwCkRV%2BU4LxPsCyPgVxQmnpLyPwnjLmSSoxqhL%2BwIxGDmg%2BRgF%2BpGlkX647Zdjjw9%2Br5Mcvp%2BaKbEw8002vzwAq6W071%2Fhi4vehiqIt8gtZ4ruVmrOQvaGAv2xA9xguVkCJJpofd3u5twDke5zGENlj3wbtCQp51u6RzvAQj1rbQ6fpcgo%2BS4OEsHC78VBLnFZh%2FnDobeN&nvMid=40985266718&catId=50001519
해외아이폰13 미니 128GB 언락 자급제폰,"699,000원",https://cr.shopping.naver.com/adcr.nhn?x=nTLhF8PNWHpUU7TenjRz%2Ff%2F%2F%2Fw%3D%3Dsgiki8aGieVdVBDeuXCBJRC7h4LYqwvXDbJvUnI5%2B6WtWQE1WikGGRjsm7ORTamZ7QOZdwRcpoVWdSDcN%2Fvy4sxfPYghtybUK%2Bj9aPYwKaumKAdxyywH8JEYeRd4x0f1t%2FoT2qlBE02y%2BO6bX0ru9TLuVw3GdaDAvxDSjC3cnt2Z%2F22ms%2BW8TiQQNz%2FOHMMFF0oWbsrPFMNrajlrvX1DezoYp96kbLP9zkGOxwXtdkFbL%2Fowdnq7%2Fmfq67OVRzok0S5SJNLgIdS1XFCtZ5GETGD2%2BTaXUzhfqEqitmCFHQHCuLV2czQFsMgPUXWY5%2FICwDG4evy%2BM13j64UYOnhTyGbTdgDd6%2FkxoPy9noma5ZC1uCX7qfKw3uLKVJPL7EEChDmc8ODGdet8oWMH2HwbZOODA7V0Dy9H2aYhg7U3t415WOPcUCnXEeOsoz13qWJmUC%2Bp633m53JCQqoKkv9VJyK9vpxVfuA7gjizsjEZYn8A2IWAinpDwg720zBf8CUKX2Y0Ic8hbA4JKdkiZPOtTdpdcZD627mlCjKfXYzLd57Ndp2Umadg7qna%2FgCOzIkcz5Hv1T%2FoDPeAT2ZD%2BWCfnsQ%3D%3D&nvMid=86473182724&catId=50001519
아이폰13프로맥스 iPhone 13 Promax 128GB 256GB 512GB,"1,354,670원",https://cr.shopping.naver.com/adcr.nhn?x=OjuUZz0Th4Uq1Obc755tv%2F%2F%2F%2Fw%3D%3DsxWbRI5sc5DJ1WyRGK0hTe5QCvAB7NeuYK7qejxvOn8RhJz9H0Ub4KLvuVTVtNMxMYC8VsCMO1rc84kydKiOPwpQLWEitCyYgDwywlNQmwMJ0Bu4LfHSfR4vzdP0t48FdHvLQdGLNNL11YHxhSIjtA13E%2FRIJOlCm0lU0Oz1A2wTgv6Uqdx%2BQ4rufvoPK93htM7wIWGazB%2BbAvL3PteCoPrkFZMZku6QUl7P3EJdOJEJ%2F%2Bx%2F%2BX4JJ0affUrPvwyu8dgdRx5SFZJTid3NLdxLCixCGSQdcrj%2BZJHLmJxgT%2FbtkL5JdTHDItRySe25wAAG1cPLHpFYauyxntLpgd7SVEVd%2BqILAG09hjAR1K3qLYkAdnYdVEqdmAPHFABbwCnb4T%2BeUTnYDgFF9%2F%2BNDk7aM%2FKDPSFYORZXI8IVKbPEbyKgEtolPJRLeN%2FyiPvT5nB%2Bbkl7u5sl6%2BwJwdqCHjtRshcqQqYPpHt58Pi6qXwKQ%2FBelkX647Zdjjw9%2Br5Mcvp%2Bantw17OQkTxGcb0cQDsDfEgW%2Fo1bitW8h3zHI8W%2BURGXZlVYLDEJpnI8cF6CMPSIWBk4HsP1UTV4bV0K8Dio%2FBrlwnQSv7xuy8CMo7GKW116CqA6%2BrrPkSkQjk3bFq%2FUy&nvMid=40985196194&catId=50001519
아이폰13미니 iphone 13 Mini 128GB 256기가 자급제,"898,000원",https://cr.shopping.naver.com/adcr.nhn?x=%2FIvW%2ByFnD4r%2B2ynsC4DJZ%2F%2F%2F%2Fw%3D%3DsLT8ZiBPd8zjX2P0C6sItar0N8C6VzyVU8%2FbC5Ktm2L4bsBKbbjTB%2BBCjsLv6tz%2BjIvltEqW9gdy26rKIC8Aj2CmFn17ayK9TdT%2Fqgg8hx3E1AmlK7GK8fggNEPfzTSWA3qXxjj%2Bq5BdS3FUsd8XIM8mCS8YqD3IEJhWUPeYSnGEdpKnOe%2FeHmtPQp7xeI5FEey%2F0bnFQ9b8M0SeUpjHjyTcVd44iN4IhvPT7dqK2z%2BgyY2uhY4dbU3ZlgRRKca5n536AAHD%2FaCjs0HXPjfSeOiiNMdu%2FDZwp%2Fv96WTM%2FWqDGsCEAaB0bUuA7guzNM7s6abmnSu27%2BvXEpRTiWuoAKcMYUc6u%2FPTz2n2liCllZFRr6kdrp7BvT8OlwZ7P37YyZp%2FuhVWf5tMOyu5R2EADu%2BtOaQffcFOyGF8HRDuldieEK2NvEM%2FWRC3BknrwO3ABYYyQomAOCRwvaXv4BU13v3cg%2FRKJL0aY5fv4FfCYSWZeXs8JhKr1w%2FfTQog2lGik9jrDNUd8upOVbrNFOvBlmYRMkGAKMV6tpgqwPaiMtd0DCD0xJ9b8gXLSvzxmN7vqFOChvrAEYCTksGcG%2FhmrIERgEqtokcSqTSMhvwP8ZlL4OzEo31qjbVfmOylyMWfmdH0g2z1mnGI56RXn%2BRsxcYjxTHtO6O%2FZkKd3rLdfDTQU1wCYJEHnoCGV7kFKcUaHA35CyMrpXQUt3%2FJvHupy5s1ITc7NlRPvorKrNyQBKaY%3D&nvMid=40982595125&catId=50001519
[아이폰] 애플 아이폰13 미니 128GB 미개봉 새상품 완납폰,"40,000원",https://cr.shopping.naver.com/adcr.nhn?x=DNv9ckP5taCZAAYDgZ%2FBbf%2F%2F%2Fw%3D%3DsAfQPm4Nv3smJvg4NI9Uk%2F1ZQyEzMP4PAl9FSQNepvrYbsBKbbjTB%2BBCjsLv6tz%2BjpjjIvx1rtiuX9CXXlHluLojtEHyA78gqtzcZZaD1AXQ1AmlK7GK8fggNEPfzTSWA3qXxjj%2Bq5BdS3FUsd8XIM31tPNb4GsQjVE0lqas1cxB%2F78Xn6bsL07XLvdbbvzc%2FETlgE6IJz9GUWJV7rTP%2B%2Fhq5UnlxndHbU1%2BzGAGaupChODoEJo5XaWXSpd7e4apssTTwiUaRTFNviAHNQmrMCz9E%2FJmgz6VHV1NzSBEuuonDGFHOrvz089p9pYgpZWRUa%2BpHa6ewb0%2FDpcGez9%2B2Mmaf7oVVn%2BbTDsruUdhAA7v7E80RU4%2FfZqmUutovy2Z7Wl3oeQXg%2BWtXJGNPVh9NbGxeDmVS9kP3MLsWL1Ykk4d5yQu51v3P4L6T7tRaaY7kf2E6jZRiN59T9gTQQWOgbJp16Ik5CqZCz4C%2BIG%2FDS3wxnxE623vf3bJ3JQYDVdZQAtTCNb9Z%2FusE8obdU8YwllL2U%2B18BM3r0GBq0%2BPvRnqTcaxUcpQ7%2FmeUuRDdGG%2FRXwv0rYJ1AcFZAUJN9OuVE9Z4tbqMX%2BwLafDSmrzyF%2BajrgWQ%2F0JBsjHud4pzo5y16YoM1FPuFc3xoot6GjZljn2uhsFhyB%2F%2F%2FwywN46MtAJ70B3rRvsach7RySdjjR0HgqgOvq6z5EpEI5N2xav1Mg%3D%3D&nvMid=40016543647&catId=50001519
해외애플 아이폰13미니 128GB 미국판 직구 무음 자급제 공기계 미개봉,"898,000원",https://cr.shopping.naver.com/adcr.nhn?x=xxSkco24pNT79Q8GXxYl0%2F%2F%2F%2Fw%3D%3DsELv6qg3G1e4fDorKb6Q06xoIcubsxfYMkGZtlzWaDsEbsBKbbjTB%2BBCjsLv6tz%2BjNt8PvfW5UWQYywYcilLdV0fUyAxm8s12mU4BIl6xkR81AmlK7GK8fggNEPfzTSWA3qXxjj%2Bq5BdS3FUsd8XIM4ZYgwI2fs40XR%2FERq%2FGNyfWK4fiV391hyKbNzjTTmNIVpwqXsgPSetRSvRRkwB2YqNVR1wGVhjmdWdhX5wTXBj84irqoupb5cHtoCFQH9lAJV03cukp%2F9sq6JmLvPVclNrhhMEA5NkHv8PiJxFM4shxmv5jiD4mecFZxKExdNk6x72P1MzfeDsyK%2BcBtz34gPftQXsHHfxaCl%2BnOVKM8LsHUpVaeiH8KJ6osbwiuyCViqpSr8tONnIKhDd6DWGWu1ci3j2n88CeyCWFhvXrwCB9Vc5zLYQ6mAODxCPqcva5r16Doa1AvsDxVoZwHsR%2BsSBlLeIlz13061%2BCrCd%2FcD%2Fa8jY8DRDMvUihlhLmwb9yRw%2B6HJD47QQOstGaNSZZUwVrojw3Q52tBJkg6Z468MNrWNLxRrWHCJoudYzHCivGa279ockzwLRmpTtf0H32pz7gIdFPuRm6SlryqXNKVZ27Zd7gwJ8JOd%2FHhc1GrzQry1Vhq%2FH77x9Zlr1IFzyuow%3D%3D&nvMid=84830466060&catId=50001519
아이폰13프로맥스 512 GB 영화 CF 유튜브 촬영 렌탈 대여 임대,"299,000원",https://cr.shopping.naver.com/adcr.nhn?x=WFZRLX6dEPmvWCj5qZhQqf%2F%2F%2Fw%3D%3DstcFzvIFbrnp3fmwgZ0CPVHkhghoMGXFEVtEst1xoSh0bsBKbbjTB%2BBCjsLv6tz%2Bj4rQRNTV6X6Dnt2ev%2B0nQwEfUyAxm8s12mU4BIl6xkR81AmlK7GK8fggNEPfzTSWA3qXxjj%2Bq5BdS3FUsd8XIM4ZYgwI2fs40XR%2FERq%2FGNyfWK4fiV391hyKbNzjTTmNIk8GEOmivYZtqBbBZX%2F11wqNVR1wGVhjmdWdhX5wTXBj84irqoupb5cHtoCFQH9lAJV03cukp%2F9sq6JmLvPVclPgmEvml6zgAtyXfHqBMt8rHPEfU%2BOBenm8QWTFr6etLx72P1MzfeDsyK%2BcBtz34gFZESv4U0RZtiJMg19jk0EC3A3WTWumayPnKsOUqQMpwqwYTi7LGEqxrZHuGC4DVVfoYSvLHgwjwni%2FO7SFBwFp%2F5R9Hh7RTwLtSbJ4VwZLFpphkXx2Gy5No%2BAytVWPVtsYUMYPlOjX8Tr0RobM5yrWmV9q%2B%2BjeCVT64AgLbzaf4%2BNJY63IOttf8EinMQIi73IH5rHcrQ6wTPUNcbkYyNZ8m0B7jvzacRH11vpw9RB4WGIoaa5JkYmSClew%2BKha%2FsSrrdghSZa%2FUJ6YO2EDuN4IEnxhK9gG8VmK9%2BECFvmAsQdAiJdwXirBRdnaxfvrBbw%3D%3D&nvMid=83702271293&catId=50001519
아이폰 13 mini 자급제 128GB 미드나이트 Apple,"865,260원",https://adcr.naver.com/adcr?x=yyR0go7SgKzC3gTGVwBzZf///w==k+rrUdgrESOi/mkGKjw6tEtceLB+YNPcmTa9fNN9C05HAiTMbGBq3ODC7VSUAyyszTvLkTyo3Tmhau3yjRQDHRTrXAna5/LiUO29tr2pObP/BKYmQwQCjaykm+NkRHZofNitiRJeUzcopDuzvCPZEoJTBjuW4sXrZG43xtuAtdktF9F9G/UK5P7z1IzgjKMYF213chCWw0cidt5zxhepPKHeQXPfmP7GiRlOFWLBi8euV4RUgdwlhoeAr92Cvgn1tq485x25m09G1rxZCiXDFop3GwF8syuIDaOFAX/z/GwKnufSSVnzUkt+dEooU5ADZceDDexyTBJBTGuTBpIBBJKOOyOfkT0GYz6a6cSSm/M9W+9NXVRb/3TijN/YIm/M87vz+GLUDFytTo6rNK69teGqKRUmJQ8XCl8pwpBSne6tJ+o6Ofyn0e9Q7bLV3VfArHK1s5CuM1m4kVBngHdC7vxwfEz9ic/F1Er664bQsKDVb8QaJQovqZyPmEylskWBOMo0lysU2eZ2R1sc0j+QZXUyAhnbM5UWakEaa+QECLYhEGCCdr0PzwFylYPjdnIgvVhFWcFl3LasFU+Xn6tPD3ZiUZXSB6TjctEeL/FzTqmcOI1iG1P4MCOpF8e96sUtnrVh3b3MgKjeMUr2aHnqJSdClLUuQr+vf0knjeOUZbAOYCIB1blyayY+zd7lq6+iD0VzeNfML3LPcSlSWUgJnZsvtz5cxhjK5Y/T7Z//AY0kwx+OGk/uxxEV4+HaXeRv+oy4reXMAp7QisDvGRy3dfKk67y2HKS1EuMEg8TPhz9Kykjk3ONiYDSFoG90Bg0MxRIITcmxyqx+PzBhIm6NrOMDYNdaur+vNtiNM5LFbU2YnY4lWsT1QJeUO+6NBaZPyrdd492RedEUdWpXrk2mYj2P2uVhd9CP5uzrplhg+c3ggdSp144EXcqrhozf9EZ39niZvYf41I2RzY6aTbiA/eQ==
Apple 아이폰 13 mini 자급제 128GB 그린 MNFF3KH/A,"865,260원",https://adcr.naver.com/adcr?x=N+Zlor2vm3FZrVSL9eK9lv///w==kUSeDL1bSWmJtAsjZglrWPeFINlUPeN+t1t/WxRnC7z8UMtHs6DPbVQPKcoMOOubWxn/qzjbwtBeWhovwgBrsYczOAyDbapA5S1sycPvP4N/m5b+lv1uump4bTHoN7bSxbsxBiPnXoQiyCg7liPIcJ5uwmiIYVV7Jj5ZZB0pABqy99Yiihjy6M5Sj6agv6nIjiYm08m6VKqEMorqVnKFzu+boLszbfR/rpUV6iJ3f0PdVJrLKVsQqW6pi5JNg0hkTHWmEwT8GUF9egGBy3f8jmzydb6wrprikZk5PAN6NpHdDHwSWHnqNKc5tGEINimgsvi2TEzRGi1Dg9/wL6m6zY8R4Z0lbsBlgd1kUWsiLtxGSSQ+VEfJ9Y7YJTVGGoGXBF6Wb+RqzdA0VZgGlGnWyABBYwaI3bWto6YnsWUaJLm8nB7zzwUGb4ts8X2SkoZlk+lB8x/mKS/AdcMmvnvYt50bvncGR+1iN9wc5BduJm7Oeb/S5Gbu3VB7nS2C7XTb3kX5FaI0vzdSYaHtKoZ1qjcFv7I4nASDiRA4vZEshEkVSI7RJ4QZ0MBGHHWxHp3v6d1xQYB6t9K0FqiNOC/gRvVqWpbPPFs8vkt9PPpdpVRMOqKrAAMUXiubZThBeGZWMBFlsbg9TE38Cg6y1oShFJzuuQ2HEwaI6m5NRULrJ2uQtJrsXD8iAJWbs26Fksde6fPXS51CF2CGOYgpCK8HNdCuxBvHtjY29fb26VCIiuAqKOzWgTn07uZng6/udjFIh5UurMANCURsSNlrIrU/2kryuU5gV0DastVQSNUrLMjRueWW/OpjNlcvkfNpWgc4uz0vY4rFSqlEvXaRy8TUrIbiHIQjwa9PsnUVSxNTkVirooZdXxl7eDHdWM0I+mrZTrlXMVnIVSSBGrww1rieYTmjzq88BBOxPMj4Ee6oD2XX3kpleNanj2KhnTERBOibe
Apple 아이폰 13 mini 자급제 512GB 스타라이트,"1,360,000원",https://adcr.naver.com/adcr?x=doFGFddWEv0uyFOWakyzVv///w==kZnhX6XJI3a+KBibbBKR8q9qDzAZjoc+K5dm+l2f4TX2wFum0cUG7cnc4+l+yYlpJ/T00HVAwWSGPKkWVmYDIJ/g7TpccrACmSatLLRBPB20yZaZqZq1QAHoy3idKaLWGfIoy7FocMPCVxgGoCb1o4Uv5J/n3rHc0nL3gjf7wJJbSVVhs9rgCpqf0LxO1g4nezkenV0SHwPx6w1s+8TF/I+QwYAxrHdyrPpyNi5AiqwaTAtrs/RxRH1ed46vuJdphffVrYAHkNao7ADw5uW5S5CGz22LvQ5a5ImQvegOIpWCGHM0/6fK9SQOxi0Zlp6qCPXoVORxx2fpTl1MncMovjO82Vq9PTlwaXOVJ03yn4odvb0NJAxP/e2/c2EXlRpfmR1FwJs9+8eFFLFpydlGliQWFOcBkOTYAGcg6vQLS9EuTCiXoTgEx2vry5qlHyCa8ZP5H05qXfoAosDkn3gE1PlqMFg4tcAaurAYk2FRcuiRmchc0Y85gL1yhRYdmgKUtljYqj3JqV1hMINrCss540gpDzBrY/UjwyPfGuujwDcwy/0ky4p2a2kllLBqVaXg+cWlddQ63jhTsv5HZga/WWaTF/vLS3QLSTQKbgrLdIMqn02xlcyY1QGL87ugpXiRqacm7e+CJ89/ckR+qPNFXbFi2/NyzsVyS+mPw87h1DTfCQB58wQnmXr31B4dXup+ROMdpJyoGjg0RWPkb8cNlECNt14XmdgTb8cSE35agwCsWq5TFsmXWUCwRfbUCzU+ga+qsWNLZZbxfJOL/+77Qd+03f9gld4TPx/Y/X0Txb3ex1nmt6W+zisBAPc8aDnei+jvZ/KRFE/32X5AjZmK5vWo4/3WL4XVTQa5gv9tJzzwKCvRqxll3O8ybJDS56NOFzrYML/1mwHbaBJNF8Q6OOchDkZQgQ1yUzzc6w+45JWgM7qK19rOqrSmI8i1MP7JmPNQAHkEhnSmFpyXml6nu2Q==
Apple 아이폰 13 mini 자급제 128GB 레드,"865,260원",https://adcr.naver.com/adcr?x=3+uDtn6iOhx85yTZt/lFFf///w==kBijQl6EHgj0cFyiX/GAGI/S2EqB556n1+3B+pqR6xVEzCFL2X/tOGco8scsZ3+QFznpNYmUxpEO6u0nqX6j/1JmFGSZU1MthixiERD1zev/MsSvIgQNueSa15YzEDDIJX6SOLvL2K0J1U8YE2UPwqhhZU7RWwKagA4pK1cU87rJtY4Z7Y6snJCw+LKfNMicn3chYjzTwdsjz19FWxzMERWNZWmb5njIJflpq2aY0bOOX+KedxSRrRdkz+d8Imbln6qWn8Dtr15hrqIMMn6o3z4Qzx0rQb02E+R+mwIqP8oM9W//ZmcbG6S2y3/qdpSwcjAHM3camL6gionNd/V6UKl5u/lPAyhTOavzjCLA5Wfqv5S6MjXYNsmOoJoOT/bkJjhuy/qBQOLWLgD2mfbfPY7RFVFter0VI3q1q9YgyRH7h+o8Ffy1H2Xq03xbOh86GesadA8BQWJ0rdthj0KOf8sDJFSI3bErR1dnt2PrQ30mlEJDrvRg4b3Vy3we6sLb3axdZTquiGUt/l9Q+SxnopxuYiXx+E6KZCrIwuqzw5pflCxvd0JSQAouYkbmxs7MYsiVIE9vkuBonXdhsKmTEhPp4/mnPfmcwsC1ckf3pTAnzVbBFwsCR7KeI8k3c8MnJHAb75Utd/2sfG144tb58tajG1I+p03V6RuNnwAo4WmimFDDv+VFxQqEHKIVhgKND/Mun1QK2OsjEGoV4XcbFrTZUSrAbMVt0OGPBRRMJoYrvbZOWWkGEAAD1DcyPrccZyn0v2dKO0TCBWd/Jb2wKRrEhOudpPbzEK4R8QbaB9Zyj9V31rndELlQy/KQkAURhGluCZp3+j7PdD3LwauvOHYx+JN6AHrWkj8yRHcxzm0nxoqVh0hKKg1HxJ90z2oeTG781LIojvN2TTd3//bHppnexUQ0Fu3XmZJg1df9M52E7oI2Gv6zEa4Uer7OItoQWYp21dyYChUNywJnVPbthDg==
Apple 아이폰 13 자급제 레드 256GB,"1,100,000원",https://adcr.naver.com/adcr?x=cTKxj8e+zx+FHtH9lueNmP///w==kd3/19D5BOpitxQsuaDpTTf2QjNyWfgoFmWTrg78k5MXt0D2LlSUDs3CzzdKqg2CuC3FMkZqwKHcLHETzxK3cwPElaSLRAfoJpshv045Q3ycnGCmgXia+l1yb6Nu7Dxdpw2xaEV6kFSdt38Lj6iEW3Fdx/jziXR2U9poC6GolJhWxOCL1DSjWFwmztrfeASrizfHUBqzyJ8Q6v0GNLBYF1jlOsRld0NyrZAvw9U1VPJbp1bCqYTG95lmjdaCAc68egHA0VDWZbS4KFSGyYH0fMDXWr9aYQA9eetechjnMWJptvZtoQaOS2H+dBTBM56M0qSXx87ILdXktrxXWSGALCCIFdYU70XKOo6DInXqBcoeFBzFJlEpuXgTDoe8Jx/JJ8RcWaWak1vg0vGpv2QkHiyeyY92WTTrAgULGRwO1sHPI0NjzqHULw1vLg4XFNNiwXqT1BfSFLmPjqs9e/8kSPu/dAOGwxiSaHNxvPk7Ls0GngwDeqMnUGPn5I1cS0URqTHz0LIgDyAf8sD9kl7OF0zkVx3U3C01e/F1OA3/DVaNhHWWuxSOl1INzAvXSshFmaz/WUO4ujZkEfWtVvAzRMAWnSPzXD6YpVxFR+DvUre/QLb28seZ5tZqyZNHigJ8bPL85xorI2t/i0RjRUP9WRDB7ILv3rfjOtGK4WiMOtqCvq0eGA9PAEt1JMlBU65L2+BWRufkbjOBXywROH0dHOVGgFTRD2aFiH8oA9m+brWZJYNi03Go1hsFG9/8YskPXxQ0gQYARgsSFe/KU3rABBsv2iKDyYGhJouoP8E1amBsAIC4T9DEq/xtdX+VYSHD7L6VFt1N8iciZby2aM6WEyfQd1QQ7yZ70x4VgISZFArxOKqJv0L1J9wCYbnJ+CHQzuSvCznXzmzlCzbZrj5FxvmJuu6RJzj5guXslWoTGRFa2VDCs6kCS4NlGpFTIXjvWaVbeO1YoVgRnsrTe8tK7Iw==
[아이폰] 애플 아이폰13 미니 128GB 미개봉 새상품 완납폰,"40,000원",https://adcr.naver.com/adcr?x=ofZgxCbL73ZGFaWiCWB/Of///w==kfaiKUvcbxJGP2cz3DlvFfpAlKYQPZWyZJHP5XpooGBNE2VU4OOuQCJ87TazUyXH1GRPccUCxPOn+pgR2ecuzpFWQ5YofZ8GORkIq9+b5PXhA3/DKPoItepcwUGLXLYeIJy+LFZft93tZZzFb6c1ceVYVnaif44A5MHjx7RShLa0bjQfqNn3+9MXP7BVIPNBTkKKVDFh+f8+ef0Bl6dG4Pj+XlcpyqeFMmI2cQt5xzjCRqqFILAgQEEpergsMHa5vYMsyoqGyny8houkREWO3gDSXvgG8zWAGWGYJUVkkHBGtS9RfmTjvU5XKIEZdhpyWrp08OPFouhTqwe7oA+Q3iVIbMNuXPpgrD6+sxxWp8WLvIZOnXc/c8+wsT5SATYeDHXN9IRKXmv9u2VyxIxM95HtlRng1WeUVFOrUlx4WBv/Y/EJXoj+8d4CviQikU7mPQ7o+f7R8DXII+oM//mLM5xJjSJO79hjGPYEpjpGo4qCkV5KINsnOgUa4L5KsI7mmGQdb3aGy/Wm738JbmTic34iaPMhB1m9ri86IfgwbXxwbXAa6G/1gxKtvg09IGqOQgHAQxgVfVJewxUx0nDHHqr1KIO/CdkW5p8iNoyjD3cL7ZmAwwWQVJKprOYiyOryZg3hAgjxYZTc6osXs8DQhlcotHd3xsgxvg1kCJnGgR4BY/5lLHdOAnLF0WMrOnDwGwUgJKYom/Zj1b9DmVxHLBoZ9J/jJ0yzpy8b5mHKUnn7i8oDqepoyfDzMfllGP/MAKdOIz9/59Nbzzlplsn11asplfgy/hd5qyBfcdNupHj3RcbwyP9i2n6AwbrWiEhZb8cJ/+R1dv2bftK1bqelv/A==
Apple 아이폰 13 mini 자급제 256GB 블루,"922,570원",https://adcr.naver.com/adcr?x=A0/4v4PhhijmnnpRCs5/af///w==kmHJQSR5gOKFb8y43sVcV3H/sEoLr6d6mFPD2kGg7uS7G9W60cGeD+BxOVRw6dx6gwAqaM/kq9MO69P/fPCEiNrn66QC3uzfoF96RuaKG3NgKxOS43uusI/Po4N3IuHkXTte/7tP2I1Yl2r6or/oCjEcGbJoHKdxDHzwpVxN+1Q6HNEKSwCt1b4A1IxH8ObWIPUj6udAuBTXx6nyaxEDr6YeX32BnW673KkCF+VsCTNzOI6sp6eTsIOcJKAF+iDCWuUJGQW+YTmjs07mi5KvrRDx7IANiwe3y9I60hZ3OHNKM6KhFA1qOvkgFKSQxmdyQhIdocxnmOci1jOZKMVQXGfcuC/YRAUr9cbZ1ygNHqDLOZnMg49RCw1SpzP0rOKGBqF3FHMn1oxTFmNdx2zXV73rdmTefZpEyqTZ1p4wtmDqesHB2OyRzw4BT9lnhHf6F6ABIrNFJ3twl//hd/66gLEVyJ6u/3ZtyFOxSPRN1MiRg+guNyOh5IBdrkERqHC1NN6zTBzF4rkE12pdH5zYaaSQUciTdkfliZjfaaZLpJY3FjVcH26mYl0dcUhfbVscqLyxW3GxhNEvPSQYS3IVqpHmkInh4gVzoxHrMtD5QO2hmzcSaAhUhMDZa7H4eZO6ukURAYvK+b4337RFCuQ0VX7Oc267Fi4yu6LLiMXz4bie9pQ/IMe8pjBJViMQtHZ6k7QdtDMnLro6qEcuxztIlUzcyrFnkOaecQAyMBtFN2DwJLY0hQo4EcmY4wM/N9teGDPB4Tp8P8B4J8SBC+CQG0IoQP4cJGoqLmSmK+DzK+LVd9iJ3jhN7eZrzXRB5R+trSkSj8rbkYCeQQeQk/+VMf2E4yxrhuAcQfRDQovokNIT1KzZ7Rid8LJt8cbgIfeOb5DbSiKUnxZX05muonBfulmfdCELzGbJJFpdEWvZtzLcDauOQ2NNTdyoZz84GA8gxIYlqTkdS9XCjv6m0qVgkrw==
[애플] [공식인증점] Apple 아이폰 13 Pro 자급제 1TB (색상선택),"1,627,870원",https://adcr.naver.com/adcr?x=Qe3S0cLFE39UPEMGneD39////w==k3hoqjYC5HqnC1ZDxnEJskkZcRnSU3J44zbxXUjoUDe4FUEu6kVj6fowwpUhaFblrg2X8nfpS2ay9ybMunItgL3FjL6fGZf3fcJGcBkvR0Gref77+NYMKlZjve3mP6l5AKfUzcqncc8PfjHPlAFsNMC8OEtlt+8FNIJxqRjLvjbHXPSCS3+DjJsQW8BB2k6J+8NIyHLlU+WW7rU8ScAkycl4uAkIRAKbmZU7ZuqMCnLPKQDbgkAAfX8fD1Szo99L4nzBLtKLdfQHd5NrJjQngO1fFWgvI2jfQeAmOS6DghaAE1QxKso/1l3oYC7nAL+W2LE5C0dUaSJZjpWynLSau4EumQse9c5al2bqOAlJEFzbi6sJcvpNEd4bnrnDAdv6mtliL1QzmVYvrZOqvxKLIpUBw7tnuJYN9c8GaNzuG9pdoZXQubEgD6Mq68FeCmzZq1fxUFpCVC5AmbOm/E2VrMqI24+BZBbx+BieFaakhKdh+tEPFj/bSRMk5QKX3VmSv8lYtjAEfi/vFtmoX637K9YcES1SD8Lry9+Ar3PmHYgMK48cVfMoVZCBptjtuzHnfkLDaHXALogsvO6/0a3RJSY2ljVoFJLTRee3duh2Tbecuq8Ee4kStTxWyo5uUv5CPaeOURlfOynKZH4zj/BZvYHHFS/21gzlftSM2aMpgPg25nJPfLfkhldsjn3YmzW54L0zR0ssup+3YEJXi1ZHQlZGtfpF/UHlnyoi/qM/HZJpJwSJPzxmOpP/dtHM2z9URcJKDbTd6QONnxaEW2eYm1iMhFdjjmErs4JpPOuNEGjYi0szLwYKptXS/l6ERk5BRuXJJQKMHVWbNEyZYLZteCKHVIPrW6FIXHl/hsOvV7xI=
